<?xml version='1.0' encoding='utf-8' ?>
<!DOCTYPE document SYSTEM "file:///D:/Program Files/Xilin91/xc9500/data/xmlReport9k.dtd">
<document><ascFile>CPLD_AD7671_4Chips.rpt</ascFile><devFile>D:/Program Files/Xilin91/xc9500/data/xc95108.chp</devFile><mfdFile>CPLD_AD7671_4Chips.mfd</mfdFile><htmlFile logic_legend="logiclegend.htm" logo="xc9500_logo.jpg" pin_legend="pinlegend.htm"/><header date="11-13-2013" design="CPLD_AD7671_4Chips" device="XC95108" eqnType="1" pkg="PC84" speed="-7" status="1" statusStr="Successful" swVersion="J.33" time=" 10:33AM" version="1.0"/><inputs id="CPLD_SD0_SPECSIG" userloc="P11"/><inputs id="CPLD_SD10_SPECSIG" userloc="P82"/><inputs id="CPLD_SD11_SPECSIG" userloc="P81"/><inputs id="CPLD_SD12_SPECSIG" userloc="P80"/><inputs id="CPLD_SD13_SPECSIG" userloc="P79"/><inputs id="CPLD_SD14_SPECSIG" userloc="P75"/><inputs id="CPLD_SD15_SPECSIG" userloc="P72"/><inputs id="CPLD_SD1_SPECSIG" userloc="P7"/><inputs id="CPLD_SD2_SPECSIG" userloc="P6"/><inputs id="CPLD_SD3_SPECSIG" userloc="P5"/><inputs id="CPLD_SD4_SPECSIG" userloc="P4"/><inputs id="CPLD_SD5_SPECSIG" userloc="P3"/><inputs id="CPLD_SD6_SPECSIG" userloc="P2"/><inputs id="CPLD_SD7_SPECSIG" userloc="P1"/><inputs id="CPLD_SD8_SPECSIG" userloc="P84"/><inputs id="CPLD_SD9_SPECSIG" userloc="P83"/><inputs id="CPLD_U1_BUSY" userloc="P71"/><inputs id="CPLD_U2_BUSY" userloc="P70"/><inputs id="CPLD_U3_BUSY" userloc="P69"/><inputs id="CPLD_U4_BUSY" userloc="P68"/><inputs id="OUT_SD10_SPECSIG" userloc="P37"/><inputs id="OUT_SD11_SPECSIG" userloc="P35"/><inputs id="OUT_SD12_SPECSIG" userloc="P33"/><inputs id="OUT_SD13_SPECSIG" userloc="P31"/><inputs id="OUT_SD14_SPECSIG" userloc="P25"/><inputs id="OUT_SD15_SPECSIG" userloc="P23"/><inputs id="OUT_SD8_SPECSIG" userloc="P43"/><inputs id="OUT_SD9_SPECSIG" userloc="P40"/><pin id="FB1_MC2_PIN1" pinnum="1" signal="CPLD_SD7_SPECSIG" use="I"/><pin id="FB1_MC3_PIN2" pinnum="2" signal="CPLD_SD6_SPECSIG" use="I"/><pin id="FB1_MC5_PIN3" pinnum="3" signal="CPLD_SD5_SPECSIG" use="I"/><pin id="FB1_MC6_PIN4" pinnum="4" signal="CPLD_SD4_SPECSIG" use="I"/><pin id="FB1_MC8_PIN5" pinnum="5" signal="CPLD_SD3_SPECSIG" use="I"/><pin id="FB1_MC9_PIN6" pinnum="6" signal="CPLD_SD2_SPECSIG" use="I"/><pin id="FB1_MC11_PIN7" pinnum="7" signal="CPLD_SD1_SPECSIG" use="I"/><pin id="FB1_MC12_PIN9" pinnum="9"/><pin id="FB1_MC14_PIN10" pinnum="10"/><pin id="FB1_MC15_PIN11" pinnum="11" signal="CPLD_SD0_SPECSIG" use="I"/><pin id="FB1_MC16_PIN12" pinnum="12"/><pin id="FB1_MC17_PIN13" pinnum="13" signal="CPLD_408_A0" use="O"/><pin id="FB2_MC2_PIN71" pinnum="71" signal="CPLD_U1_BUSY" use="I"/><pin id="FB2_MC3_PIN72" pinnum="72" signal="CPLD_SD15_SPECSIG" use="I"/><pin id="FB2_MC5_PIN74" pinnum="74"/><pin id="FB2_MC6_PIN75" pinnum="75" signal="CPLD_SD14_SPECSIG" use="I"/><pin id="FB2_MC8_PIN76" pinnum="76"/><pin id="FB2_MC9_PIN77" pinnum="77"/><pin id="FB2_MC11_PIN79" pinnum="79" signal="CPLD_SD13_SPECSIG" use="I"/><pin id="FB2_MC12_PIN80" pinnum="80" signal="CPLD_SD12_SPECSIG" use="I"/><pin id="FB2_MC14_PIN81" pinnum="81" signal="CPLD_SD11_SPECSIG" use="I"/><pin id="FB2_MC15_PIN82" pinnum="82" signal="CPLD_SD10_SPECSIG" use="I"/><pin id="FB2_MC16_PIN83" pinnum="83" signal="CPLD_SD9_SPECSIG" use="I"/><pin id="FB2_MC17_PIN84" pinnum="84" signal="CPLD_SD8_SPECSIG" use="I"/><pin id="FB3_MC2_PIN14" pinnum="14" signal="CPLD_408_A1" use="O"/><pin id="FB3_MC3_PIN15" pinnum="15" signal="CPLD_408_A2" use="O"/><pin id="FB3_MC5_PIN17" pinnum="17" signal="CPLD_U1_RD" use="O"/><pin id="FB3_MC6_PIN18" pinnum="18" signal="CPLD_U2_RD" use="O"/><pin id="FB3_MC8_PIN19" pinnum="19" signal="CPLD_U3_RD" use="O"/><pin id="FB3_MC9_PIN20" pinnum="20" signal="CPLD_U4_RD" use="O"/><pin id="FB3_MC11_PIN21" pinnum="21" signal="CPLD_U1234_WR" use="O"/><pin id="FB3_MC12_PIN23" pinnum="23" signal="OUT_SD15_SPECSIG" use="I"/><pin id="FB3_MC14_PIN24" pinnum="24" signal="IN_SD15_SPECSIG" use="O"/><pin id="FB3_MC15_PIN25" pinnum="25" signal="OUT_SD14_SPECSIG" use="I"/><pin id="FB3_MC16_PIN26" pinnum="26" signal="IN_SD14_SPECSIG" use="O"/><pin id="FB3_MC17_PIN31" pinnum="31" signal="OUT_SD13_SPECSIG" use="I"/><pin id="FB4_MC2_PIN57" pinnum="57" signal="IO_A2_SPECSIG" use="O"/><pin id="FB4_MC3_PIN58" pinnum="58" signal="IO_B1_SPECSIG" use="O"/><pin id="FB4_MC5_PIN61" pinnum="61" signal="IO_A1_SPECSIG" use="O"/><pin id="FB4_MC6_PIN62" pinnum="62" signal="IO_B0_SPECSIG" use="O"/><pin id="FB4_MC8_PIN63" pinnum="63" signal="IO_A0_SPECSIG" use="O"/><pin id="FB4_MC9_PIN65" pinnum="65"/><pin id="FB4_MC11_PIN66" pinnum="66"/><pin id="FB4_MC12_PIN67" pinnum="67"/><pin id="FB4_MC14_PIN68" pinnum="68" signal="CPLD_U4_BUSY" use="I"/><pin id="FB4_MC15_PIN69" pinnum="69" signal="CPLD_U3_BUSY" use="I"/><pin id="FB4_MC17_PIN70" pinnum="70" signal="CPLD_U2_BUSY" use="I"/><pin id="FB5_MC2_PIN32" pinnum="32" signal="IN_SD13_SPECSIG" use="O"/><pin id="FB5_MC3_PIN33" pinnum="33" signal="OUT_SD12_SPECSIG" use="I"/><pin id="FB5_MC5_PIN34" pinnum="34" signal="IN_SD12_SPECSIG" use="O"/><pin id="FB5_MC6_PIN35" pinnum="35" signal="OUT_SD11_SPECSIG" use="I"/><pin id="FB5_MC8_PIN36" pinnum="36" signal="IN_SD11_SPECSIG" use="O"/><pin id="FB5_MC9_PIN37" pinnum="37" signal="OUT_SD10_SPECSIG" use="I"/><pin id="FB5_MC11_PIN39" pinnum="39" signal="IN_SD10_SPECSIG" use="O"/><pin id="FB5_MC12_PIN40" pinnum="40" signal="OUT_SD9_SPECSIG" use="I"/><pin id="FB5_MC14_PIN41" pinnum="41" signal="IN_SD9_SPECSIG" use="O"/><pin id="FB5_MC15_PIN43" pinnum="43" signal="OUT_SD8_SPECSIG" use="I"/><pin id="FB5_MC17_PIN44" pinnum="44" signal="IN_SD8_SPECSIG" use="O"/><pin id="FB6_MC2_PIN45" pinnum="45"/><pin id="FB6_MC3_PIN46" pinnum="46" signal="IO_A7_SPECSIG" use="O"/><pin id="FB6_MC5_PIN47" pinnum="47"/><pin id="FB6_MC6_PIN48" pinnum="48" signal="IO_A6_SPECSIG" use="O"/><pin id="FB6_MC8_PIN50" pinnum="50"/><pin id="FB6_MC9_PIN51" pinnum="51" signal="IO_A5_SPECSIG" use="O"/><pin id="FB6_MC11_PIN52" pinnum="52"/><pin id="FB6_MC12_PIN53" pinnum="53" signal="IO_A4_SPECSIG" use="O"/><pin id="FB6_MC14_PIN54" pinnum="54" signal="IO_B3_SPECSIG" use="O"/><pin id="FB6_MC15_PIN55" pinnum="55" signal="IO_A3_SPECSIG" use="O"/><pin id="FB6_MC17_PIN56" pinnum="56" signal="IO_B2_SPECSIG" use="O"/><fblock id="FB1" inputUse="1" pinUse="9"><macrocell id="FB1_MC1"/><macrocell id="FB1_MC2" pin="FB1_MC2_PIN1"/><macrocell id="FB1_MC3" pin="FB1_MC3_PIN2"/><macrocell id="FB1_MC4"/><macrocell id="FB1_MC5" pin="FB1_MC5_PIN3"/><macrocell id="FB1_MC6" pin="FB1_MC6_PIN4"/><macrocell id="FB1_MC7"/><macrocell id="FB1_MC8" pin="FB1_MC8_PIN5"/><macrocell id="FB1_MC9" pin="FB1_MC9_PIN6"/><macrocell id="FB1_MC10"/><macrocell id="FB1_MC11" pin="FB1_MC11_PIN7"/><macrocell id="FB1_MC12" pin="FB1_MC12_PIN9"/><macrocell id="FB1_MC13"/><macrocell id="FB1_MC14" pin="FB1_MC14_PIN10"/><macrocell id="FB1_MC15" pin="FB1_MC15_PIN11"/><macrocell id="FB1_MC16" pin="FB1_MC16_PIN12"/><macrocell id="FB1_MC17" pin="FB1_MC17_PIN13" sigUse="1" signal="CPLD_408_A0"><pterms pt1="FB1_17_1"/></macrocell><macrocell id="FB1_MC18"/><fbinput id="FB1_I1" signal="OUT_SD8_SPECSIG"/><pterm id="FB1_17_1"><signal id="OUT_SD8_SPECSIG"/></pterm><equation id="CPLD_408_A0" userloc="P13"><d2><eq_pterm ptindx="FB1_17_1"/></d2></equation></fblock><fblock id="FB2" inputUse="0" pinUse="9"><macrocell id="FB2_MC1"/><macrocell id="FB2_MC2" pin="FB2_MC2_PIN71"/><macrocell id="FB2_MC3" pin="FB2_MC3_PIN72"/><macrocell id="FB2_MC4"/><macrocell id="FB2_MC5" pin="FB2_MC5_PIN74"/><macrocell id="FB2_MC6" pin="FB2_MC6_PIN75"/><macrocell id="FB2_MC7"/><macrocell id="FB2_MC8" pin="FB2_MC8_PIN76"/><macrocell id="FB2_MC9" pin="FB2_MC9_PIN77"/><macrocell id="FB2_MC10"/><macrocell id="FB2_MC11" pin="FB2_MC11_PIN79"/><macrocell id="FB2_MC12" pin="FB2_MC12_PIN80"/><macrocell id="FB2_MC13"/><macrocell id="FB2_MC14" pin="FB2_MC14_PIN81"/><macrocell id="FB2_MC15" pin="FB2_MC15_PIN82"/><macrocell id="FB2_MC16" pin="FB2_MC16_PIN83"/><macrocell id="FB2_MC17" pin="FB2_MC17_PIN84"/><macrocell id="FB2_MC18"/></fblock><fblock id="FB3" inputUse="9" pinUse="12"><macrocell id="FB3_MC1"/><macrocell id="FB3_MC2" pin="FB3_MC2_PIN14" sigUse="1" signal="CPLD_408_A1"><pterms pt1="FB3_2_1"/></macrocell><macrocell id="FB3_MC3" pin="FB3_MC3_PIN15" sigUse="1" signal="CPLD_408_A2"><pterms pt1="FB3_3_1"/></macrocell><macrocell id="FB3_MC4"/><macrocell id="FB3_MC5" pin="FB3_MC5_PIN17" sigUse="1" signal="CPLD_U1_RD"><pterms pt1="FB3_5_1"/></macrocell><macrocell id="FB3_MC6" pin="FB3_MC6_PIN18" sigUse="1" signal="CPLD_U2_RD"><pterms pt1="FB3_6_1"/></macrocell><macrocell id="FB3_MC7"/><macrocell id="FB3_MC8" pin="FB3_MC8_PIN19" sigUse="1" signal="CPLD_U3_RD"><pterms pt1="FB3_8_1"/></macrocell><macrocell id="FB3_MC9" pin="FB3_MC9_PIN20" sigUse="1" signal="CPLD_U4_RD"><pterms pt1="FB3_9_1"/></macrocell><macrocell id="FB3_MC10"/><macrocell id="FB3_MC11" pin="FB3_MC11_PIN21" sigUse="1" signal="CPLD_U1234_WR"><pterms pt1="FB3_11_1"/></macrocell><macrocell id="FB3_MC12" pin="FB3_MC12_PIN23"/><macrocell id="FB3_MC13"/><macrocell id="FB3_MC14" pin="FB3_MC14_PIN24" sigUse="1" signal="IN_SD15_SPECSIG"><pterms pt1="FB3_14_1"/></macrocell><macrocell id="FB3_MC15" pin="FB3_MC15_PIN25"/><macrocell id="FB3_MC16" pin="FB3_MC16_PIN26" sigUse="1" signal="IN_SD14_SPECSIG"><pterms pt1="FB3_16_1"/></macrocell><macrocell id="FB3_MC17" pin="FB3_MC17_PIN31"/><macrocell id="FB3_MC18"/><fbinput id="FB3_I1" signal="CPLD_SD14_SPECSIG"/><fbinput id="FB3_I2" signal="CPLD_SD15_SPECSIG"/><fbinput id="FB3_I3" signal="OUT_SD10_SPECSIG"/><fbinput id="FB3_I4" signal="OUT_SD11_SPECSIG"/><fbinput id="FB3_I5" signal="OUT_SD12_SPECSIG"/><fbinput id="FB3_I6" signal="OUT_SD13_SPECSIG"/><fbinput id="FB3_I7" signal="OUT_SD14_SPECSIG"/><fbinput id="FB3_I8" signal="OUT_SD15_SPECSIG"/><fbinput id="FB3_I9" signal="OUT_SD9_SPECSIG"/><pterm id="FB3_2_1"><signal id="OUT_SD9_SPECSIG"/></pterm><pterm id="FB3_3_1"><signal id="OUT_SD10_SPECSIG"/></pterm><pterm id="FB3_5_1"><signal id="OUT_SD12_SPECSIG"/></pterm><pterm id="FB3_6_1"><signal id="OUT_SD13_SPECSIG"/></pterm><pterm id="FB3_8_1"><signal id="OUT_SD14_SPECSIG"/></pterm><pterm id="FB3_9_1"><signal id="OUT_SD15_SPECSIG"/></pterm><pterm id="FB3_11_1"><signal id="OUT_SD11_SPECSIG"/></pterm><pterm id="FB3_14_1"><signal id="CPLD_SD15_SPECSIG"/></pterm><pterm id="FB3_16_1"><signal id="CPLD_SD14_SPECSIG"/></pterm><equation id="CPLD_408_A1" userloc="P14"><d2><eq_pterm ptindx="FB3_2_1"/></d2></equation><equation id="CPLD_408_A2" userloc="P15"><d2><eq_pterm ptindx="FB3_3_1"/></d2></equation><equation id="CPLD_U1_RD" userloc="P17"><d2><eq_pterm ptindx="FB3_5_1"/></d2></equation><equation id="CPLD_U2_RD" userloc="P18"><d2><eq_pterm ptindx="FB3_6_1"/></d2></equation><equation id="CPLD_U3_RD" userloc="P19"><d2><eq_pterm ptindx="FB3_8_1"/></d2></equation><equation id="CPLD_U4_RD" userloc="P20"><d2><eq_pterm ptindx="FB3_9_1"/></d2></equation><equation id="CPLD_U1234_WR" userloc="P21"><d2><eq_pterm ptindx="FB3_11_1"/></d2></equation><equation id="IN_SD15_SPECSIG" userloc="P24"><d2><eq_pterm ptindx="FB3_14_1"/></d2></equation><equation id="IN_SD14_SPECSIG" userloc="P26"><d2><eq_pterm ptindx="FB3_16_1"/></d2></equation></fblock><fblock id="FB4" inputUse="5" pinUse="8"><macrocell id="FB4_MC1"/><macrocell id="FB4_MC2" pin="FB4_MC2_PIN57" sigUse="1" signal="IO_A2_SPECSIG"><pterms pt1="FB4_2_1"/></macrocell><macrocell id="FB4_MC3" pin="FB4_MC3_PIN58" sigUse="1" signal="IO_B1_SPECSIG"><pterms pt1="FB4_3_1"/></macrocell><macrocell id="FB4_MC4"/><macrocell id="FB4_MC5" pin="FB4_MC5_PIN61" sigUse="1" signal="IO_A1_SPECSIG"><pterms pt1="FB4_5_1"/></macrocell><macrocell id="FB4_MC6" pin="FB4_MC6_PIN62" sigUse="1" signal="IO_B0_SPECSIG"><pterms pt1="FB4_6_1"/></macrocell><macrocell id="FB4_MC7"/><macrocell id="FB4_MC8" pin="FB4_MC8_PIN63" sigUse="1" signal="IO_A0_SPECSIG"><pterms pt1="FB4_8_1"/></macrocell><macrocell id="FB4_MC9" pin="FB4_MC9_PIN65"/><macrocell id="FB4_MC10"/><macrocell id="FB4_MC11" pin="FB4_MC11_PIN66"/><macrocell id="FB4_MC12" pin="FB4_MC12_PIN67"/><macrocell id="FB4_MC13"/><macrocell id="FB4_MC14" pin="FB4_MC14_PIN68"/><macrocell id="FB4_MC15" pin="FB4_MC15_PIN69"/><macrocell id="FB4_MC16"/><macrocell id="FB4_MC17" pin="FB4_MC17_PIN70"/><macrocell id="FB4_MC18"/><fbinput id="FB4_I1" signal="CPLD_SD0_SPECSIG"/><fbinput id="FB4_I2" signal="CPLD_SD1_SPECSIG"/><fbinput id="FB4_I3" signal="CPLD_SD2_SPECSIG"/><fbinput id="FB4_I4" signal="CPLD_U1_BUSY"/><fbinput id="FB4_I5" signal="CPLD_U2_BUSY"/><pterm id="FB4_2_1"><signal id="CPLD_SD2_SPECSIG"/></pterm><pterm id="FB4_3_1"><signal id="CPLD_U2_BUSY"/></pterm><pterm id="FB4_5_1"><signal id="CPLD_SD1_SPECSIG"/></pterm><pterm id="FB4_6_1"><signal id="CPLD_U1_BUSY"/></pterm><pterm id="FB4_8_1"><signal id="CPLD_SD0_SPECSIG"/></pterm><equation id="IO_A2_SPECSIG" userloc="P57"><d2><eq_pterm ptindx="FB4_2_1"/></d2></equation><equation id="IO_B1_SPECSIG" userloc="P58"><d2><eq_pterm ptindx="FB4_3_1"/></d2></equation><equation id="IO_A1_SPECSIG" userloc="P61"><d2><eq_pterm ptindx="FB4_5_1"/></d2></equation><equation id="IO_B0_SPECSIG" userloc="P62"><d2><eq_pterm ptindx="FB4_6_1"/></d2></equation><equation id="IO_A0_SPECSIG" userloc="P63"><d2><eq_pterm ptindx="FB4_8_1"/></d2></equation></fblock><fblock id="FB5" inputUse="6" pinUse="11"><macrocell id="FB5_MC1"/><macrocell id="FB5_MC2" pin="FB5_MC2_PIN32" sigUse="1" signal="IN_SD13_SPECSIG"><pterms pt1="FB5_2_1"/></macrocell><macrocell id="FB5_MC3" pin="FB5_MC3_PIN33"/><macrocell id="FB5_MC4"/><macrocell id="FB5_MC5" pin="FB5_MC5_PIN34" sigUse="1" signal="IN_SD12_SPECSIG"><pterms pt1="FB5_5_1"/></macrocell><macrocell id="FB5_MC6" pin="FB5_MC6_PIN35"/><macrocell id="FB5_MC7"/><macrocell id="FB5_MC8" pin="FB5_MC8_PIN36" sigUse="1" signal="IN_SD11_SPECSIG"><pterms pt1="FB5_8_1"/></macrocell><macrocell id="FB5_MC9" pin="FB5_MC9_PIN37"/><macrocell id="FB5_MC10"/><macrocell id="FB5_MC11" pin="FB5_MC11_PIN39" sigUse="1" signal="IN_SD10_SPECSIG"><pterms pt1="FB5_11_1"/></macrocell><macrocell id="FB5_MC12" pin="FB5_MC12_PIN40"/><macrocell id="FB5_MC13"/><macrocell id="FB5_MC14" pin="FB5_MC14_PIN41" sigUse="1" signal="IN_SD9_SPECSIG"><pterms pt1="FB5_14_1"/></macrocell><macrocell id="FB5_MC15" pin="FB5_MC15_PIN43"/><macrocell id="FB5_MC16"/><macrocell id="FB5_MC17" pin="FB5_MC17_PIN44" sigUse="1" signal="IN_SD8_SPECSIG"><pterms pt1="FB5_17_1"/></macrocell><macrocell id="FB5_MC18"/><fbinput id="FB5_I1" signal="CPLD_SD10_SPECSIG"/><fbinput id="FB5_I2" signal="CPLD_SD11_SPECSIG"/><fbinput id="FB5_I3" signal="CPLD_SD12_SPECSIG"/><fbinput id="FB5_I4" signal="CPLD_SD13_SPECSIG"/><fbinput id="FB5_I5" signal="CPLD_SD8_SPECSIG"/><fbinput id="FB5_I6" signal="CPLD_SD9_SPECSIG"/><pterm id="FB5_2_1"><signal id="CPLD_SD13_SPECSIG"/></pterm><pterm id="FB5_5_1"><signal id="CPLD_SD12_SPECSIG"/></pterm><pterm id="FB5_8_1"><signal id="CPLD_SD11_SPECSIG"/></pterm><pterm id="FB5_11_1"><signal id="CPLD_SD10_SPECSIG"/></pterm><pterm id="FB5_14_1"><signal id="CPLD_SD9_SPECSIG"/></pterm><pterm id="FB5_17_1"><signal id="CPLD_SD8_SPECSIG"/></pterm><equation id="IN_SD13_SPECSIG" userloc="P32"><d2><eq_pterm ptindx="FB5_2_1"/></d2></equation><equation id="IN_SD12_SPECSIG" userloc="P34"><d2><eq_pterm ptindx="FB5_5_1"/></d2></equation><equation id="IN_SD11_SPECSIG" userloc="P36"><d2><eq_pterm ptindx="FB5_8_1"/></d2></equation><equation id="IN_SD10_SPECSIG" userloc="P39"><d2><eq_pterm ptindx="FB5_11_1"/></d2></equation><equation id="IN_SD9_SPECSIG" userloc="P41"><d2><eq_pterm ptindx="FB5_14_1"/></d2></equation><equation id="IN_SD8_SPECSIG" userloc="P44"><d2><eq_pterm ptindx="FB5_17_1"/></d2></equation></fblock><fblock id="FB6" inputUse="7" pinUse="7"><macrocell id="FB6_MC1"/><macrocell id="FB6_MC2" pin="FB6_MC2_PIN45"/><macrocell id="FB6_MC3" pin="FB6_MC3_PIN46" sigUse="1" signal="IO_A7_SPECSIG"><pterms pt1="FB6_3_1"/></macrocell><macrocell id="FB6_MC4"/><macrocell id="FB6_MC5" pin="FB6_MC5_PIN47"/><macrocell id="FB6_MC6" pin="FB6_MC6_PIN48" sigUse="1" signal="IO_A6_SPECSIG"><pterms pt1="FB6_6_1"/></macrocell><macrocell id="FB6_MC7"/><macrocell id="FB6_MC8" pin="FB6_MC8_PIN50"/><macrocell id="FB6_MC9" pin="FB6_MC9_PIN51" sigUse="1" signal="IO_A5_SPECSIG"><pterms pt1="FB6_9_1"/></macrocell><macrocell id="FB6_MC10"/><macrocell id="FB6_MC11" pin="FB6_MC11_PIN52"/><macrocell id="FB6_MC12" pin="FB6_MC12_PIN53" sigUse="1" signal="IO_A4_SPECSIG"><pterms pt1="FB6_12_1"/></macrocell><macrocell id="FB6_MC13"/><macrocell id="FB6_MC14" pin="FB6_MC14_PIN54" sigUse="1" signal="IO_B3_SPECSIG"><pterms pt1="FB6_14_1"/></macrocell><macrocell id="FB6_MC15" pin="FB6_MC15_PIN55" sigUse="1" signal="IO_A3_SPECSIG"><pterms pt1="FB6_15_1"/></macrocell><macrocell id="FB6_MC16"/><macrocell id="FB6_MC17" pin="FB6_MC17_PIN56" sigUse="1" signal="IO_B2_SPECSIG"><pterms pt1="FB6_17_1"/></macrocell><macrocell id="FB6_MC18"/><fbinput id="FB6_I1" signal="CPLD_SD3_SPECSIG"/><fbinput id="FB6_I2" signal="CPLD_SD4_SPECSIG"/><fbinput id="FB6_I3" signal="CPLD_SD5_SPECSIG"/><fbinput id="FB6_I4" signal="CPLD_SD6_SPECSIG"/><fbinput id="FB6_I5" signal="CPLD_SD7_SPECSIG"/><fbinput id="FB6_I6" signal="CPLD_U3_BUSY"/><fbinput id="FB6_I7" signal="CPLD_U4_BUSY"/><pterm id="FB6_3_1"><signal id="CPLD_SD7_SPECSIG"/></pterm><pterm id="FB6_6_1"><signal id="CPLD_SD6_SPECSIG"/></pterm><pterm id="FB6_9_1"><signal id="CPLD_SD5_SPECSIG"/></pterm><pterm id="FB6_12_1"><signal id="CPLD_SD4_SPECSIG"/></pterm><pterm id="FB6_14_1"><signal id="CPLD_U4_BUSY"/></pterm><pterm id="FB6_15_1"><signal id="CPLD_SD3_SPECSIG"/></pterm><pterm id="FB6_17_1"><signal id="CPLD_U3_BUSY"/></pterm><equation id="IO_A7_SPECSIG" userloc="P46"><d2><eq_pterm ptindx="FB6_3_1"/></d2></equation><equation id="IO_A6_SPECSIG" userloc="P48"><d2><eq_pterm ptindx="FB6_6_1"/></d2></equation><equation id="IO_A5_SPECSIG" userloc="P51"><d2><eq_pterm ptindx="FB6_9_1"/></d2></equation><equation id="IO_A4_SPECSIG" userloc="P53"><d2><eq_pterm ptindx="FB6_12_1"/></d2></equation><equation id="IO_B3_SPECSIG" userloc="P54"><d2><eq_pterm ptindx="FB6_14_1"/></d2></equation><equation id="IO_A3_SPECSIG" userloc="P55"><d2><eq_pterm ptindx="FB6_15_1"/></d2></equation><equation id="IO_B2_SPECSIG" userloc="P56"><d2><eq_pterm ptindx="FB6_17_1"/></d2></equation></fblock><vcc/><gnd/><messages><warning>Cpld:936 - The output buffer 'IO_B&lt;7&gt;_OBUF' is missing an input and will   be deleted.</warning><warning>Cpld:936 - The output buffer 'IO_B&lt;6&gt;_OBUF' is missing an input and will   be deleted.</warning><warning>Cpld:936 - The output buffer 'IO_B&lt;5&gt;_OBUF' is missing an input and will   be deleted.</warning><warning>Cpld:936 - The output buffer 'IO_B&lt;4&gt;_OBUF' is missing an input and will   be deleted.</warning><warning>Cpld:1007 - Removing unused input(s) 'clk'.  The input(s) are unused   after optimization. Please verify functionality via simulation.</warning></messages><compOpts exhaust="OFF" gclkopt="ON" gsropt="ON" gtsopt="ON" ignorets="OFF" inputs="36" keepio="OFF" loc="ON" localfbk="ON" mlopt="ON" optimize="SPEED" part="xc95108-7-PC84" pinfbk="ON" power="STD" prld="LOW" pterms="25" slew="FAST" uim="ON" unused="OFF" wysiwyg="OFF"/><specSig signal="CPLD_SD0_SPECSIG" value="CPLD_SD&lt;0&gt;"/><specSig signal="CPLD_SD10_SPECSIG" value="CPLD_SD&lt;10&gt;"/><specSig signal="CPLD_SD11_SPECSIG" value="CPLD_SD&lt;11&gt;"/><specSig signal="CPLD_SD12_SPECSIG" value="CPLD_SD&lt;12&gt;"/><specSig signal="CPLD_SD13_SPECSIG" value="CPLD_SD&lt;13&gt;"/><specSig signal="CPLD_SD14_SPECSIG" value="CPLD_SD&lt;14&gt;"/><specSig signal="CPLD_SD15_SPECSIG" value="CPLD_SD&lt;15&gt;"/><specSig signal="CPLD_SD1_SPECSIG" value="CPLD_SD&lt;1&gt;"/><specSig signal="CPLD_SD2_SPECSIG" value="CPLD_SD&lt;2&gt;"/><specSig signal="CPLD_SD3_SPECSIG" value="CPLD_SD&lt;3&gt;"/><specSig signal="CPLD_SD4_SPECSIG" value="CPLD_SD&lt;4&gt;"/><specSig signal="CPLD_SD5_SPECSIG" value="CPLD_SD&lt;5&gt;"/><specSig signal="CPLD_SD6_SPECSIG" value="CPLD_SD&lt;6&gt;"/><specSig signal="CPLD_SD7_SPECSIG" value="CPLD_SD&lt;7&gt;"/><specSig signal="CPLD_SD8_SPECSIG" value="CPLD_SD&lt;8&gt;"/><specSig signal="CPLD_SD9_SPECSIG" value="CPLD_SD&lt;9&gt;"/><specSig signal="OUT_SD10_SPECSIG" value="OUT_SD&lt;10&gt;"/><specSig signal="OUT_SD11_SPECSIG" value="OUT_SD&lt;11&gt;"/><specSig signal="OUT_SD12_SPECSIG" value="OUT_SD&lt;12&gt;"/><specSig signal="OUT_SD13_SPECSIG" value="OUT_SD&lt;13&gt;"/><specSig signal="OUT_SD14_SPECSIG" value="OUT_SD&lt;14&gt;"/><specSig signal="OUT_SD15_SPECSIG" value="OUT_SD&lt;15&gt;"/><specSig signal="OUT_SD8_SPECSIG" value="OUT_SD&lt;8&gt;"/><specSig signal="OUT_SD9_SPECSIG" value="OUT_SD&lt;9&gt;"/><specSig signal="IN_SD15_SPECSIG" value="IN_SD&lt;15&gt;"/><specSig signal="IN_SD14_SPECSIG" value="IN_SD&lt;14&gt;"/><specSig signal="IO_A2_SPECSIG" value="IO_A&lt;2&gt;"/><specSig signal="IO_B1_SPECSIG" value="IO_B&lt;1&gt;"/><specSig signal="IO_A1_SPECSIG" value="IO_A&lt;1&gt;"/><specSig signal="IO_B0_SPECSIG" value="IO_B&lt;0&gt;"/><specSig signal="IO_A0_SPECSIG" value="IO_A&lt;0&gt;"/><specSig signal="IN_SD13_SPECSIG" value="IN_SD&lt;13&gt;"/><specSig signal="IN_SD12_SPECSIG" value="IN_SD&lt;12&gt;"/><specSig signal="IN_SD11_SPECSIG" value="IN_SD&lt;11&gt;"/><specSig signal="IN_SD10_SPECSIG" value="IN_SD&lt;10&gt;"/><specSig signal="IN_SD9_SPECSIG" value="IN_SD&lt;9&gt;"/><specSig signal="IN_SD8_SPECSIG" value="IN_SD&lt;8&gt;"/><specSig signal="IO_A7_SPECSIG" value="IO_A&lt;7&gt;"/><specSig signal="IO_A6_SPECSIG" value="IO_A&lt;6&gt;"/><specSig signal="IO_A5_SPECSIG" value="IO_A&lt;5&gt;"/><specSig signal="IO_A4_SPECSIG" value="IO_A&lt;4&gt;"/><specSig signal="IO_B3_SPECSIG" value="IO_B&lt;3&gt;"/><specSig signal="IO_A3_SPECSIG" value="IO_A&lt;3&gt;"/><specSig signal="IO_B2_SPECSIG" value="IO_B&lt;2&gt;"/></document>
